<device>
  <deviceProtocol>SIP</deviceProtocol>
  <sshUserId>cisco</sshUserId>
  <sshPassword>cisco</sshPassword>
  <devicePool>
    <dateTimeSetting>
      <dateTemplate>D/M/YY</dateTemplate>
      <timeZone>Central Europe Standard/Daylight Time</timeZone>
      <ntps>
        <ntp>
          <name>172.31.25.9</name>
          <ntpMode>Unicast</ntpMode>
        </ntp>
      </ntps>
    </dateTimeSetting>
    <callManagerGroup>
      <members>
        <member priority="0">
          <callManager>
            <ports>
              <ethernetPhonePort>2000</ethernetPhonePort>
              <sipPort>5060</sipPort>
              <securedSipPort>5061</securedSipPort>
            </ports>
            <processNodeName>10.16.19.249</processNodeName>
          </callManager>
        </member>
      </members>
    </callManagerGroup>
  </devicePool>
  <sipProfile>
    <sipProxies>
      <backupProxy></backupProxy>
      <backupProxyPort></backupProxyPort>
      <emergencyProxy></emergencyProxy>
      <emergencyProxyPort></emergencyProxyPort>
      <outboundProxy></outboundProxy>
      <outboundProxyPort></outboundProxyPort>
      <registerWithProxy>true</registerWithProxy>
    </sipProxies>
    <sipCallFeatures>
      <cnfJoinEnabled>true</cnfJoinEnabled>
      <callForwardURI>x-serviceuri-cfwdall</callForwardURI>
      <callPickupURI>x-cisco-serviceuri-pickup</callPickupURI>
      <callPickupListURI>x-cisco-serviceuri-opickup</callPickupListURI>
      <callPickupGroupURI>x-cisco-serviceuri-gpickup</callPickupGroupURI>
      <meetMeServiceURI>x-cisco-serviceuri-meetme</meetMeServiceURI>
      <abbreviatedDialURI>x-cisco-serviceuri-abbrdial</abbreviatedDialURI>
      <rfc2543Hold>false</rfc2543Hold>
      <callHoldRingback>2</callHoldRingback>
      <localCfwdEnable>true</localCfwdEnable>
      <semiAttendedTransfer>true</semiAttendedTransfer>
      <anonymousCallBlock>2</anonymousCallBlock>
      <callerIdBlocking>2</callerIdBlocking>
      <dndControl>0</dndControl>
      <remoteCcEnable>true</remoteCcEnable>
    </sipCallFeatures>
    <sipStack>
      <sipInviteRetx>6</sipInviteRetx>
      <sipRetx>10</sipRetx>
      <timerInviteExpires>180</timerInviteExpires>
      <timerRegisterExpires>3600</timerRegisterExpires>
      <timerRegisterDelta>5</timerRegisterDelta>
      <timerKeepAliveExpires>120</timerKeepAliveExpires>
      <timerSubscribeExpires>120</timerSubscribeExpires>
      <timerSubscribeDelta>5</timerSubscribeDelta>
      <timerT1>500</timerT1>
      <timerT2>4000</timerT2>
      <maxRedirects>70</maxRedirects>
      <remotePartyID>true</remotePartyID>
      <userInfo>None</userInfo>
    </sipStack>
    <autoAnswerTimer>1</autoAnswerTimer>
    <autoAnswerAltBehavior>false</autoAnswerAltBehavior>
    <autoAnswerOverride>true</autoAnswerOverride>
    <transferOnhookEnabled>false</transferOnhookEnabled>
    <enableVad>false</enableVad>
    <preferredCodec>g711ulaw</preferredCodec>
    <dtmfAvtPayload>101</dtmfAvtPayload>
    <dtmfDbLevel>3</dtmfDbLevel>
    <dtmfOutofBand>avt</dtmfOutofBand>
    <alwaysUsePrimeLine>false</alwaysUsePrimeLine>
    <alwaysUsePrimeLineVoiceMail>false</alwaysUsePrimeLineVoiceMail>
    <kpml>3</kpml>
    <natEnabled>false</natEnabled>
    <natAddress></natAddress>
    <phoneLabel>Cisco 2</phoneLabel>
    <stutterMsgWaiting>0</stutterMsgWaiting>
    <callStats>false</callStats>
    <silentPeriodBetweenCallWaitingBursts>10</silentPeriodBetweenCallWaitingBursts>
    <disableLocalSpeedDialConfig>false</disableLocalSpeedDialConfig>

    <startMediaPort>16384</startMediaPort>
    <stopMediaPort>32766</stopMediaPort>

    <sipLines>
      <line button="1">
        <featureID>9</featureID>
        <featureLabel>Cisco2</featureLabel>
        <proxy>USECALLMANAGER</proxy>
        <port>5060</port>
        <name>Cisco2</name>
        <displayName>Bob</displayName>
        <autoAnswer>
          <autoAnswerEnabled>0</autoAnswerEnabled>
        </autoAnswer>
        <callWaiting>1</callWaiting>
        <authName>Cisco2</authName>
        <authPassword>1234</authPassword>
        <sharedLine>false</sharedLine>
        <messageWaitingLampPolicy>3</messageWaitingLampPolicy>
        <messagesNumber>888</messagesNumber>
        <ringSettingIdle>4</ringSettingIdle>
        <ringSettingActive>5</ringSettingActive>
        <contact>Cisco2</contact>
        <forwardCallInfoDisplay>
          <callerName>true</callerName>
          <callerNumber>true</callerNumber>
          <redirectedNumber>false</redirectedNumber>
          <dialedNumber>true</dialedNumber>
        </forwardCallInfoDisplay>
      </line>   
    </sipLines>
    <voipControlPort>5060</voipControlPort>
    <dscpForAudio>184</dscpForAudio>
    <ringSettingBusyStationPolicy>0</ringSettingBusyStationPolicy>
    <dialTemplate>DialTemplate.xml</dialTemplate>
  </sipProfile>
  <commonProfile>
    <phonePassword></phonePassword>
    <backgroundImageAccess>true</backgroundImageAccess>
    <callLogBlfEnabled>1</callLogBlfEnabled>
  </commonProfile>
  <loadInformation>sip78xx.10-1-1SR1-4</loadInformation>
  <vendorConfig>
    <disableSpeaker>false</disableSpeaker>
    <disableSpeakerAndHeadset>false</disableSpeakerAndHeadset>
    <pcPort>1</pcPort>
    <settingsAccess>1</settingsAccess>
    <garp>0</garp>
    <voiceVlanAccess>0</voiceVlanAccess>
    <videoCapability>0</videoCapability>
    <autoSelectLineEnable>0</autoSelectLineEnable>
    <sshAccess>0</sshAccess>
    <sshPort>22</sshPort>
    <webAccess>0</webAccess>
    <spanToPCPort>1</spanToPCPort>
    <loggingDisplay>1</loggingDisplay>
    <loadServer></loadServer>
  </vendorConfig>
  <versionStamp>1143565489-a3cbf294-7526-4c29-8791-c4fce4ce4c37</versionStamp>
  <networkLocale></networkLocale>
  <networkLocaleInfo>
    <name></name>
    <version>5.0(2)</version>
  </networkLocaleInfo>
  <deviceSecurityMode>1</deviceSecurityMode>
  <authenticationURL></authenticationURL>
  <directoryURL></directoryURL>
  <idleURL></idleURL>
  <informationURL></informationURL>
  <messagesURL></messagesURL>
  <proxyServerURL></proxyServerURL>
  <servicesURL></servicesURL>
  <dscpForSCCPPhoneConfig>96</dscpForSCCPPhoneConfig>
  <dscpForSCCPPhoneServices>0</dscpForSCCPPhoneServices>
  <dscpForCm2Dvce>96</dscpForCm2Dvce>
  <transportLayerProtocol>2</transportLayerProtocol>
  <capfAuthMode>0</capfAuthMode>
  <capfList>
    <capf>
      <phonePort>3804</phonePort>
    </capf>
  </capfList>
  <certHash></certHash>
  <encrConfig>false</encrConfig>
</device>
